{"5": [0.7411764705882353, 0.803921568627451, 1.0],
 "6": [0.19607843137254902, 0.35294117647058826, 0.6078431372549019],
 "7": [0.996078431372549, 0.6862745098039216, 0.08627450980392157],
 "9": [0.7686274509803922, 0.27058823529411763, 0.10980392156862745],
 "10": [0.10980392156862745, 1.0, 0.807843137254902],
 "12": [0.7529411764705882, 0.4588235294117647, 0.6509803921568628],
 "13": [0.9647058823529412, 0.13333333333333333, 0.1803921568627451],
 "14": [0.7411764705882353, 0.43529411764705883, 0.6705882352941176],
 "15": [0.9686274509803922, 0.8823529411764706, 0.6274509803921569],
 "16": [1.0, 0.9803921568627451, 0.9803921568627451],
 "18": [0.47058823529411764, 0.16470588235294117, 0.7137254901960784],
 "20": [0.5019607843137255, 0.5019607843137255, 0.5019607843137255],
 "21": [0.9803921568627451, 0.0, 0.5294117647058824],
 "22": [0.5098039215686274, 0.1803921568627451, 0.10980392156862745],
 "23": [0.5215686274509804, 0.4, 0.050980392156862744],
 "24": [0.803921568627451, 0.1607843137254902, 0.5647058823529412],
 "27": [0.6588235294117647, 0.6588235294117647, 0.6588235294117647],
 "29": [0.0, 0.0, 0.5450980392156862],
 "30": [0.5450980392156862, 0.2784313725490196, 0.36470588235294116],
 "31": [1.0, 0.7568627450980392, 0.1450980392156863],
 "32": [0.8705882352941177, 0.6274509803921569, 0.9921568627450981],
 "33": [0.19607843137254902, 0.5137254901960784, 0.996078431372549],
 "34": [0.9725490196078431, 0.6313725490196078, 0.6235294117647059],
 "35": [0.7098039215686275, 0.9372549019607843, 0.7098039215686275],
 "36": [0.1803921568627451, 0.8509803921568627, 1.0],
 "39": [0.10980392156862745, 0.5137254901960784, 0.33725490196078434],
 "40": [1.0, 0.6470588235294118, 0.30980392156862746],
 "41": [0.8470588235294118, 0.7490196078431373, 0.8470588235294118]}